-- phpMyAdmin SQL Dump
-- version 5.2.1
-- https://www.phpmyadmin.net/
--
-- Host: localhost:3306
-- Generation Time: Jan 15, 2025 at 03:13 AM
-- Server version: 8.0.30
-- PHP Version: 7.4.33

SET SQL_MODE = "NO_AUTO_VALUE_ON_ZERO";
START TRANSACTION;
SET time_zone = "+00:00";


/*!40101 SET @OLD_CHARACTER_SET_CLIENT=@@CHARACTER_SET_CLIENT */;
/*!40101 SET @OLD_CHARACTER_SET_RESULTS=@@CHARACTER_SET_RESULTS */;
/*!40101 SET @OLD_COLLATION_CONNECTION=@@COLLATION_CONNECTION */;
/*!40101 SET NAMES utf8mb4 */;

--
-- Database: `spk_saw`
--

DELIMITER $$
--
-- Procedures
--
CREATE PROCEDURE `hkejuruan` ()   BEGIN
  DECLARE done INT DEFAULT FALSE;
  DECLARE dkd_jurusan   VARCHAR(10);
  DECLARE dnama_jurusan VARCHAR(25);
  DECLARE dtincome CURSOR FOR SELECT * FROM tempcat;
  DECLARE CONTINUE HANDLER FOR NOT FOUND SET done = 1;

  DROP TEMPORARY TABLE IF EXISTS temp_jurusan;
  CREATE TEMPORARY TABLE temp_jurusan(
    kd_jurusan   VARCHAR(10),
    nama_jurusan VARCHAR(25)
  );

  INSERT INTO temp_jurusan (kd_jurusan, nama_jurusan)
  SELECT kd_jurusan, nama_jurusan
    FROM jurusan;

  SET @cekdt = (SELECT COUNT(*) FROM temp_jurusan);
  IF @cekdt > 0 THEN
     OPEN dtincome;
	   read_loop: LOOP
       FETCH dtincome into dkd_jurusan, dnama_jurusan;
       IF done THEN
          LEAVE read_loop;
       END IF;
     END LOOP;
     CLOSE dtincome;
  END IF;
END$$

DELIMITER ;

-- --------------------------------------------------------

--
-- Table structure for table `bobot`
--

CREATE TABLE `bobot` (
  `kd_jurusan` varchar(10) COLLATE utf8mb4_unicode_ci NOT NULL,
  `kd_matapelajaran` varchar(10) COLLATE utf8mb4_unicode_ci NOT NULL,
  `bobot` double(8,2) NOT NULL,
  `created_at` timestamp NULL DEFAULT NULL,
  `updated_at` timestamp NULL DEFAULT NULL
) ENGINE=InnoDB DEFAULT CHARSET=utf8mb4 COLLATE=utf8mb4_unicode_ci;

--
-- Dumping data for table `bobot`
--

INSERT INTO `bobot` (`kd_jurusan`, `kd_matapelajaran`, `bobot`, `created_at`, `updated_at`) VALUES
('J000000001', 'M06', 30.00, '2025-01-09 18:26:16', '2025-01-09 18:26:16'),
('J000000001', 'M07', 20.00, '2025-01-09 18:26:16', '2025-01-09 18:26:16'),
('J000000001', 'M08', 20.00, '2025-01-09 18:26:16', '2025-01-09 18:26:16'),
('J000000001', 'M09', 15.00, '2025-01-09 18:26:16', '2025-01-09 18:26:16'),
('J000000001', 'M10', 15.00, '2025-01-09 18:26:16', '2025-01-09 18:26:16'),
('J01', 'M01', 25.00, '2025-01-09 18:24:28', '2025-01-09 18:24:28'),
('J01', 'M02', 30.00, '2025-01-09 18:24:28', '2025-01-09 18:24:28'),
('J01', 'M03', 20.00, '2025-01-09 18:24:28', '2025-01-09 18:24:28'),
('J01', 'M04', 15.00, '2025-01-09 18:24:28', '2025-01-09 18:24:28'),
('J01', 'M05', 10.00, '2025-01-09 18:24:28', '2025-01-09 18:24:28');

-- --------------------------------------------------------

--
-- Table structure for table `detail_nilai`
--

CREATE TABLE `detail_nilai` (
  `tahun` int NOT NULL,
  `nisn` varchar(20) COLLATE utf8mb4_unicode_ci NOT NULL,
  `kd_matapelajaran` varchar(10) COLLATE utf8mb4_unicode_ci NOT NULL,
  `nilai` double(8,2) NOT NULL,
  `created_at` timestamp NULL DEFAULT NULL,
  `updated_at` timestamp NULL DEFAULT NULL
) ENGINE=InnoDB DEFAULT CHARSET=utf8mb4 COLLATE=utf8mb4_unicode_ci;

--
-- Dumping data for table `detail_nilai`
--

INSERT INTO `detail_nilai` (`tahun`, `nisn`, `kd_matapelajaran`, `nilai`, `created_at`, `updated_at`) VALUES
(2024, '323241001', 'M01', 82.00, '2025-01-11 00:53:23', '2025-01-11 00:53:23'),
(2024, '323241001', 'M02', 90.00, '2025-01-11 00:53:23', '2025-01-11 00:53:23'),
(2024, '323241001', 'M03', 91.00, '2025-01-11 00:53:23', '2025-01-11 00:53:23'),
(2024, '323241001', 'M04', 85.00, '2025-01-11 00:53:23', '2025-01-11 00:53:23'),
(2024, '323241001', 'M05', 60.00, '2025-01-11 00:53:23', '2025-01-11 00:53:23'),
(2024, '323241001', 'M06', 85.00, '2025-01-11 00:53:23', '2025-01-11 00:53:23'),
(2024, '323241001', 'M07', 81.00, '2025-01-11 00:53:23', '2025-01-11 00:53:23'),
(2024, '323241001', 'M08', 86.00, '2025-01-11 00:53:23', '2025-01-11 00:53:23'),
(2024, '323241001', 'M09', 60.00, '2025-01-11 00:53:23', '2025-01-11 00:53:23'),
(2024, '323241001', 'M10', 85.00, '2025-01-11 00:53:23', '2025-01-11 00:53:23'),
(2024, '323241003', 'M01', 80.00, '2025-01-11 00:49:20', '2025-01-11 00:49:20'),
(2024, '323241003', 'M02', 80.00, '2025-01-11 00:49:20', '2025-01-11 00:49:20'),
(2024, '323241003', 'M03', 83.00, '2025-01-11 00:49:20', '2025-01-11 00:49:20'),
(2024, '323241003', 'M04', 60.00, '2025-01-11 00:49:20', '2025-01-11 00:49:20'),
(2024, '323241003', 'M05', 60.00, '2025-01-11 00:49:20', '2025-01-11 00:49:20'),
(2024, '323241003', 'M06', 82.00, '2025-01-11 00:49:20', '2025-01-11 00:49:20'),
(2024, '323241003', 'M07', 83.00, '2025-01-11 00:49:20', '2025-01-11 00:49:20'),
(2024, '323241003', 'M08', 85.00, '2025-01-11 00:49:20', '2025-01-11 00:49:20'),
(2024, '323241003', 'M09', 60.00, '2025-01-11 00:49:20', '2025-01-11 00:49:20'),
(2024, '323241003', 'M10', 85.00, '2025-01-11 00:49:20', '2025-01-11 00:49:20'),
(2024, '323241005', 'M01', 81.00, '2025-01-14 13:03:03', '2025-01-14 13:03:03'),
(2024, '323241005', 'M02', 79.00, '2025-01-14 13:03:03', '2025-01-14 13:03:03'),
(2024, '323241005', 'M03', 77.00, '2025-01-14 13:03:03', '2025-01-14 13:03:03'),
(2024, '323241005', 'M04', 60.00, '2025-01-14 13:03:03', '2025-01-14 13:03:03'),
(2024, '323241005', 'M05', 85.00, '2025-01-14 13:03:03', '2025-01-14 13:03:03'),
(2024, '323241005', 'M06', 79.00, '2025-01-14 13:03:03', '2025-01-14 13:03:03'),
(2024, '323241005', 'M07', 80.00, '2025-01-14 13:03:03', '2025-01-14 13:03:03'),
(2024, '323241005', 'M08', 83.00, '2025-01-14 13:03:03', '2025-01-14 13:03:03'),
(2024, '323241005', 'M09', 60.00, '2025-01-14 13:03:03', '2025-01-14 13:03:03'),
(2024, '323241005', 'M10', 82.00, '2025-01-14 13:03:03', '2025-01-14 13:03:03'),
(2024, '323241006', 'M01', 90.00, '2025-01-14 09:26:59', '2025-01-14 09:26:59'),
(2024, '323241006', 'M02', 90.00, '2025-01-14 09:26:59', '2025-01-14 09:26:59'),
(2024, '323241006', 'M03', 90.00, '2025-01-14 09:26:59', '2025-01-14 09:26:59'),
(2024, '323241006', 'M04', 90.00, '2025-01-14 09:26:59', '2025-01-14 09:26:59'),
(2024, '323241006', 'M05', 90.00, '2025-01-14 09:26:59', '2025-01-14 09:26:59'),
(2024, '323241006', 'M06', 90.00, '2025-01-14 09:26:59', '2025-01-14 09:26:59'),
(2024, '323241006', 'M07', 90.00, '2025-01-14 09:26:59', '2025-01-14 09:26:59'),
(2024, '323241006', 'M08', 90.00, '2025-01-14 09:26:59', '2025-01-14 09:26:59'),
(2024, '323241006', 'M09', 90.00, '2025-01-14 09:26:59', '2025-01-14 09:26:59'),
(2024, '323241006', 'M10', 90.00, '2025-01-14 09:26:59', '2025-01-14 09:26:59'),
(2024, '323241007', 'M01', 82.00, '2025-01-14 13:05:43', '2025-01-14 13:05:43'),
(2024, '323241007', 'M02', 79.00, '2025-01-14 13:05:43', '2025-01-14 13:05:43'),
(2024, '323241007', 'M03', 80.00, '2025-01-14 13:05:43', '2025-01-14 13:05:43'),
(2024, '323241007', 'M04', 60.00, '2025-01-14 13:05:43', '2025-01-14 13:05:43'),
(2024, '323241007', 'M05', 85.00, '2025-01-14 13:05:43', '2025-01-14 13:05:43'),
(2024, '323241007', 'M06', 79.00, '2025-01-14 13:05:43', '2025-01-14 13:05:43'),
(2024, '323241007', 'M07', 80.00, '2025-01-14 13:05:43', '2025-01-14 13:05:43'),
(2024, '323241007', 'M08', 85.00, '2025-01-14 13:05:43', '2025-01-14 13:05:43'),
(2024, '323241007', 'M09', 60.00, '2025-01-14 13:05:43', '2025-01-14 13:05:43'),
(2024, '323241007', 'M10', 82.00, '2025-01-14 13:05:43', '2025-01-14 13:05:43'),
(2024, '323241008', 'M01', 76.00, '2025-01-14 11:36:43', '2025-01-14 11:36:43'),
(2024, '323241008', 'M02', 78.00, '2025-01-14 11:36:43', '2025-01-14 11:36:43'),
(2024, '323241008', 'M03', 75.00, '2025-01-14 11:36:43', '2025-01-14 11:36:43'),
(2024, '323241008', 'M04', 60.00, '2025-01-14 11:36:43', '2025-01-14 11:36:43'),
(2024, '323241008', 'M05', 60.00, '2025-01-14 11:36:43', '2025-01-14 11:36:43'),
(2024, '323241008', 'M06', 77.00, '2025-01-14 11:36:43', '2025-01-14 11:36:43'),
(2024, '323241008', 'M07', 77.00, '2025-01-14 11:36:43', '2025-01-14 11:36:43'),
(2024, '323241008', 'M08', 76.00, '2025-01-14 11:36:43', '2025-01-14 11:36:43'),
(2024, '323241008', 'M09', 60.00, '2025-01-14 11:36:43', '2025-01-14 11:36:43'),
(2024, '323241008', 'M10', 79.00, '2025-01-14 11:36:43', '2025-01-14 11:36:43'),
(2024, '323241009', 'M01', 83.00, '2025-01-14 11:39:31', '2025-01-14 11:39:31'),
(2024, '323241009', 'M02', 87.00, '2025-01-14 11:39:31', '2025-01-14 11:39:31'),
(2024, '323241009', 'M03', 86.00, '2025-01-14 11:39:31', '2025-01-14 11:39:31'),
(2024, '323241009', 'M04', 60.00, '2025-01-14 11:39:31', '2025-01-14 11:39:31'),
(2024, '323241009', 'M05', 88.00, '2025-01-14 11:39:31', '2025-01-14 11:39:31'),
(2024, '323241009', 'M06', 83.00, '2025-01-14 11:39:31', '2025-01-14 11:39:31'),
(2024, '323241009', 'M07', 82.00, '2025-01-14 11:39:31', '2025-01-14 11:39:31'),
(2024, '323241009', 'M08', 85.00, '2025-01-14 11:39:31', '2025-01-14 11:39:31'),
(2024, '323241009', 'M09', 60.00, '2025-01-14 11:39:31', '2025-01-14 11:39:31'),
(2024, '323241009', 'M10', 85.00, '2025-01-14 11:39:31', '2025-01-14 11:39:31'),
(2024, '323241010', 'M01', 82.00, '2025-01-14 12:58:23', '2025-01-14 12:58:23'),
(2024, '323241010', 'M02', 80.00, '2025-01-14 12:58:23', '2025-01-14 12:58:23'),
(2024, '323241010', 'M03', 81.00, '2025-01-14 12:58:23', '2025-01-14 12:58:23'),
(2024, '323241010', 'M04', 60.00, '2025-01-14 12:58:23', '2025-01-14 12:58:23'),
(2024, '323241010', 'M05', 88.00, '2025-01-14 12:58:23', '2025-01-14 12:58:23'),
(2024, '323241010', 'M06', 76.00, '2025-01-14 12:58:23', '2025-01-14 12:58:23'),
(2024, '323241010', 'M07', 82.00, '2025-01-14 12:58:23', '2025-01-14 12:58:23'),
(2024, '323241010', 'M08', 84.00, '2025-01-14 12:58:23', '2025-01-14 12:58:23'),
(2024, '323241010', 'M09', 60.00, '2025-01-14 12:58:23', '2025-01-14 12:58:23'),
(2024, '323241010', 'M10', 85.00, '2025-01-14 12:58:23', '2025-01-14 12:58:23'),
(2024, '323241012', 'M01', 88.00, '2025-01-14 11:58:09', '2025-01-14 11:58:09'),
(2024, '323241012', 'M02', 89.00, '2025-01-14 11:58:09', '2025-01-14 11:58:09'),
(2024, '323241012', 'M03', 85.00, '2025-01-14 11:58:09', '2025-01-14 11:58:09'),
(2024, '323241012', 'M04', 85.00, '2025-01-14 11:58:09', '2025-01-14 11:58:09'),
(2024, '323241012', 'M05', 60.00, '2025-01-14 11:58:09', '2025-01-14 11:58:09'),
(2024, '323241012', 'M06', 82.00, '2025-01-14 11:58:09', '2025-01-14 11:58:09'),
(2024, '323241012', 'M07', 82.00, '2025-01-14 11:58:09', '2025-01-14 11:58:09'),
(2024, '323241012', 'M08', 86.00, '2025-01-14 11:58:09', '2025-01-14 11:58:09'),
(2024, '323241012', 'M09', 60.00, '2025-01-14 11:58:09', '2025-01-14 11:58:09'),
(2024, '323241012', 'M10', 88.00, '2025-01-14 11:58:09', '2025-01-14 11:58:09'),
(2024, '323241013', 'M01', 84.00, '2025-01-14 12:01:42', '2025-01-14 12:01:42'),
(2024, '323241013', 'M02', 77.00, '2025-01-14 12:01:42', '2025-01-14 12:01:42'),
(2024, '323241013', 'M03', 85.00, '2025-01-14 12:01:42', '2025-01-14 12:01:42'),
(2024, '323241013', 'M04', 60.00, '2025-01-14 12:01:42', '2025-01-14 12:01:42'),
(2024, '323241013', 'M05', 60.00, '2025-01-14 12:01:42', '2025-01-14 12:01:42'),
(2024, '323241013', 'M06', 88.00, '2025-01-14 12:01:42', '2025-01-14 12:01:42'),
(2024, '323241013', 'M07', 81.00, '2025-01-14 12:01:42', '2025-01-14 12:01:42'),
(2024, '323241013', 'M08', 86.00, '2025-01-14 12:01:42', '2025-01-14 12:01:42'),
(2024, '323241013', 'M09', 85.00, '2025-01-14 12:01:42', '2025-01-14 12:01:42'),
(2024, '323241013', 'M10', 88.00, '2025-01-14 12:01:42', '2025-01-14 12:01:42'),
(2024, '323241014', 'M01', 81.00, '2025-01-14 12:56:10', '2025-01-14 12:56:10'),
(2024, '323241014', 'M02', 86.00, '2025-01-14 12:56:10', '2025-01-14 12:56:10'),
(2024, '323241014', 'M03', 81.00, '2025-01-14 12:56:10', '2025-01-14 12:56:10'),
(2024, '323241014', 'M04', 60.00, '2025-01-14 12:56:10', '2025-01-14 12:56:10'),
(2024, '323241014', 'M05', 85.00, '2025-01-14 12:56:10', '2025-01-14 12:56:10'),
(2024, '323241014', 'M06', 81.00, '2025-01-14 12:56:10', '2025-01-14 12:56:10'),
(2024, '323241014', 'M07', 82.00, '2025-01-14 12:56:10', '2025-01-14 12:56:10'),
(2024, '323241014', 'M08', 84.00, '2025-01-14 12:56:10', '2025-01-14 12:56:10'),
(2024, '323241014', 'M09', 60.00, '2025-01-14 12:56:10', '2025-01-14 12:56:10'),
(2024, '323241014', 'M10', 83.00, '2025-01-14 12:56:10', '2025-01-14 12:56:10'),
(2024, '323241015', 'M01', 80.00, '2025-01-14 12:57:07', '2025-01-14 12:57:07'),
(2024, '323241015', 'M02', 80.00, '2025-01-14 12:57:07', '2025-01-14 12:57:07'),
(2024, '323241015', 'M03', 78.00, '2025-01-14 12:57:07', '2025-01-14 12:57:07'),
(2024, '323241015', 'M04', 60.00, '2025-01-14 12:57:07', '2025-01-14 12:57:07'),
(2024, '323241015', 'M05', 88.00, '2025-01-14 12:57:07', '2025-01-14 12:57:07'),
(2024, '323241015', 'M06', 79.00, '2025-01-14 12:57:07', '2025-01-14 12:57:07'),
(2024, '323241015', 'M07', 80.00, '2025-01-14 12:57:07', '2025-01-14 12:57:07'),
(2024, '323241015', 'M08', 80.00, '2025-01-14 12:57:07', '2025-01-14 12:57:07'),
(2024, '323241015', 'M09', 60.00, '2025-01-14 12:57:07', '2025-01-14 12:57:07'),
(2024, '323241015', 'M10', 83.00, '2025-01-14 12:57:07', '2025-01-14 12:57:07'),
(2024, '323241016', 'M01', 75.00, '2025-01-14 12:17:15', '2025-01-14 12:17:15'),
(2024, '323241016', 'M02', 72.00, '2025-01-14 12:17:15', '2025-01-14 12:17:15'),
(2024, '323241016', 'M03', 77.00, '2025-01-14 12:17:15', '2025-01-14 12:17:15'),
(2024, '323241016', 'M04', 60.00, '2025-01-14 12:17:15', '2025-01-14 12:17:15'),
(2024, '323241016', 'M05', 60.00, '2025-01-14 12:17:15', '2025-01-14 12:17:15'),
(2024, '323241016', 'M06', 77.00, '2025-01-14 12:17:15', '2025-01-14 12:17:15'),
(2024, '323241016', 'M07', 76.00, '2025-01-14 12:17:15', '2025-01-14 12:17:15'),
(2024, '323241016', 'M08', 75.00, '2025-01-14 12:17:15', '2025-01-14 12:17:15'),
(2024, '323241016', 'M09', 60.00, '2025-01-14 12:17:15', '2025-01-14 12:17:15'),
(2024, '323241016', 'M10', 80.00, '2025-01-14 12:17:15', '2025-01-14 12:17:15'),
(2024, '323241017', 'M01', 81.00, '2025-01-14 12:18:42', '2025-01-14 12:18:42'),
(2024, '323241017', 'M02', 78.00, '2025-01-14 12:18:42', '2025-01-14 12:18:42'),
(2024, '323241017', 'M03', 78.00, '2025-01-14 12:18:42', '2025-01-14 12:18:42'),
(2024, '323241017', 'M04', 60.00, '2025-01-14 12:18:42', '2025-01-14 12:18:42'),
(2024, '323241017', 'M05', 83.00, '2025-01-14 12:18:42', '2025-01-14 12:18:42'),
(2024, '323241017', 'M06', 80.00, '2025-01-14 12:18:42', '2025-01-14 12:18:42'),
(2024, '323241017', 'M07', 81.00, '2025-01-14 12:18:42', '2025-01-14 12:18:42'),
(2024, '323241017', 'M08', 84.00, '2025-01-14 12:18:42', '2025-01-14 12:18:42'),
(2024, '323241017', 'M09', 60.00, '2025-01-14 12:18:42', '2025-01-14 12:18:42'),
(2024, '323241017', 'M10', 83.00, '2025-01-14 12:18:42', '2025-01-14 12:18:42'),
(2024, '323241018', 'M01', 82.00, '2025-01-14 12:24:07', '2025-01-14 12:24:07'),
(2024, '323241018', 'M02', 87.00, '2025-01-14 12:24:07', '2025-01-14 12:24:07'),
(2024, '323241018', 'M03', 85.00, '2025-01-14 12:24:07', '2025-01-14 12:24:07'),
(2024, '323241018', 'M04', 60.00, '2025-01-14 12:24:07', '2025-01-14 12:24:07'),
(2024, '323241018', 'M05', 85.00, '2025-01-14 12:24:07', '2025-01-14 12:24:07'),
(2024, '323241018', 'M06', 81.00, '2025-01-14 12:24:07', '2025-01-14 12:24:07'),
(2024, '323241018', 'M07', 80.00, '2025-01-14 12:24:07', '2025-01-14 12:24:07'),
(2024, '323241018', 'M08', 83.00, '2025-01-14 12:24:07', '2025-01-14 12:24:07'),
(2024, '323241018', 'M09', 60.00, '2025-01-14 12:24:07', '2025-01-14 12:24:07'),
(2024, '323241018', 'M10', 83.00, '2025-01-14 12:24:07', '2025-01-14 12:24:07'),
(2024, '323241019', 'M01', 82.00, '2025-01-14 13:11:10', '2025-01-14 13:11:10'),
(2024, '323241019', 'M02', 80.00, '2025-01-14 13:11:10', '2025-01-14 13:11:10'),
(2024, '323241019', 'M03', 77.00, '2025-01-14 13:11:10', '2025-01-14 13:11:10'),
(2024, '323241019', 'M04', 60.00, '2025-01-14 13:11:10', '2025-01-14 13:11:10'),
(2024, '323241019', 'M05', 86.00, '2025-01-14 13:11:10', '2025-01-14 13:11:10'),
(2024, '323241019', 'M06', 79.00, '2025-01-14 13:11:10', '2025-01-14 13:11:10'),
(2024, '323241019', 'M07', 80.00, '2025-01-14 13:11:10', '2025-01-14 13:11:10'),
(2024, '323241019', 'M08', 82.00, '2025-01-14 13:11:10', '2025-01-14 13:11:10'),
(2024, '323241019', 'M09', 60.00, '2025-01-14 13:11:10', '2025-01-14 13:11:10'),
(2024, '323241019', 'M10', 82.00, '2025-01-14 13:11:10', '2025-01-14 13:11:10'),
(2024, '323241020', 'M01', 89.00, '2025-01-14 12:27:29', '2025-01-14 12:27:29'),
(2024, '323241020', 'M02', 89.00, '2025-01-14 12:27:29', '2025-01-14 12:27:29'),
(2024, '323241020', 'M03', 86.00, '2025-01-14 12:27:29', '2025-01-14 12:27:29'),
(2024, '323241020', 'M04', 85.00, '2025-01-14 12:27:29', '2025-01-14 12:27:29'),
(2024, '323241020', 'M05', 60.00, '2025-01-14 12:27:29', '2025-01-14 12:27:29'),
(2024, '323241020', 'M06', 82.00, '2025-01-14 12:27:29', '2025-01-14 12:27:29'),
(2024, '323241020', 'M07', 86.00, '2025-01-14 12:27:29', '2025-01-14 12:27:29'),
(2024, '323241020', 'M08', 86.00, '2025-01-14 12:27:29', '2025-01-14 12:27:29'),
(2024, '323241020', 'M09', 60.00, '2025-01-14 12:27:29', '2025-01-14 12:27:29'),
(2024, '323241020', 'M10', 83.00, '2025-01-14 12:27:29', '2025-01-14 12:27:29'),
(2024, '323241021', 'M01', 81.00, '2025-01-14 12:29:08', '2025-01-14 12:29:08'),
(2024, '323241021', 'M02', 89.00, '2025-01-14 12:29:08', '2025-01-14 12:29:08'),
(2024, '323241021', 'M03', 78.00, '2025-01-14 12:29:08', '2025-01-14 12:29:08'),
(2024, '323241021', 'M04', 60.00, '2025-01-14 12:29:08', '2025-01-14 12:29:08'),
(2024, '323241021', 'M05', 85.00, '2025-01-14 12:29:08', '2025-01-14 12:29:08'),
(2024, '323241021', 'M06', 86.00, '2025-01-14 12:29:08', '2025-01-14 12:29:08'),
(2024, '323241021', 'M07', 81.00, '2025-01-14 12:29:08', '2025-01-14 12:29:08'),
(2024, '323241021', 'M08', 84.00, '2025-01-14 12:29:08', '2025-01-14 12:29:08'),
(2024, '323241021', 'M09', 60.00, '2025-01-14 12:29:08', '2025-01-14 12:29:08'),
(2024, '323241021', 'M10', 85.00, '2025-01-14 12:29:08', '2025-01-14 12:29:08'),
(2024, '323241022', 'M01', 81.00, '2025-01-14 13:00:06', '2025-01-14 13:00:06'),
(2024, '323241022', 'M02', 80.00, '2025-01-14 13:00:06', '2025-01-14 13:00:06'),
(2024, '323241022', 'M03', 83.00, '2025-01-14 13:00:06', '2025-01-14 13:00:06'),
(2024, '323241022', 'M04', 60.00, '2025-01-14 13:00:06', '2025-01-14 13:00:06'),
(2024, '323241022', 'M05', 85.00, '2025-01-14 13:00:06', '2025-01-14 13:00:06'),
(2024, '323241022', 'M06', 79.00, '2025-01-14 13:00:06', '2025-01-14 13:00:06'),
(2024, '323241022', 'M07', 80.00, '2025-01-14 13:00:06', '2025-01-14 13:00:06'),
(2024, '323241022', 'M08', 85.00, '2025-01-14 13:00:06', '2025-01-14 13:00:06'),
(2024, '323241022', 'M09', 60.00, '2025-01-14 13:00:06', '2025-01-14 13:00:06'),
(2024, '323241022', 'M10', 83.00, '2025-01-14 13:00:06', '2025-01-14 13:00:06'),
(2024, '323241023', 'M01', 82.00, '2025-01-14 12:33:09', '2025-01-14 12:33:09'),
(2024, '323241023', 'M02', 83.00, '2025-01-14 12:33:09', '2025-01-14 12:33:09'),
(2024, '323241023', 'M03', 85.00, '2025-01-14 12:33:09', '2025-01-14 12:33:09'),
(2024, '323241023', 'M04', 60.00, '2025-01-14 12:33:09', '2025-01-14 12:33:09'),
(2024, '323241023', 'M05', 60.00, '2025-01-14 12:33:09', '2025-01-14 12:33:09'),
(2024, '323241023', 'M06', 80.00, '2025-01-14 12:33:09', '2025-01-14 12:33:09'),
(2024, '323241023', 'M07', 80.00, '2025-01-14 12:33:09', '2025-01-14 12:33:09'),
(2024, '323241023', 'M08', 86.00, '2025-01-14 12:33:09', '2025-01-14 12:33:09'),
(2024, '323241023', 'M09', 80.00, '2025-01-14 12:33:09', '2025-01-14 12:33:09'),
(2024, '323241023', 'M10', 83.00, '2025-01-14 12:33:09', '2025-01-14 12:33:09'),
(2024, '323241024', 'M01', 83.00, '2025-01-14 13:00:45', '2025-01-14 13:00:45'),
(2024, '323241024', 'M02', 81.00, '2025-01-14 13:00:45', '2025-01-14 13:00:45'),
(2024, '323241024', 'M03', 83.00, '2025-01-14 13:00:45', '2025-01-14 13:00:45'),
(2024, '323241024', 'M04', 60.00, '2025-01-14 13:00:45', '2025-01-14 13:00:45'),
(2024, '323241024', 'M05', 85.00, '2025-01-14 13:00:45', '2025-01-14 13:00:45'),
(2024, '323241024', 'M06', 84.00, '2025-01-14 13:00:45', '2025-01-14 13:00:45'),
(2024, '323241024', 'M07', 81.00, '2025-01-14 13:00:45', '2025-01-14 13:00:45'),
(2024, '323241024', 'M08', 87.00, '2025-01-14 13:00:45', '2025-01-14 13:00:45'),
(2024, '323241024', 'M09', 60.00, '2025-01-14 13:00:45', '2025-01-14 13:00:45'),
(2024, '323241024', 'M10', 83.00, '2025-01-14 13:00:45', '2025-01-14 13:00:45'),
(2024, '323241025', 'M01', 84.00, '2025-01-14 12:36:25', '2025-01-14 12:36:25'),
(2024, '323241025', 'M02', 81.00, '2025-01-14 12:36:25', '2025-01-14 12:36:25'),
(2024, '323241025', 'M03', 79.00, '2025-01-14 12:36:25', '2025-01-14 12:36:25'),
(2024, '323241025', 'M04', 60.00, '2025-01-14 12:36:25', '2025-01-14 12:36:25'),
(2024, '323241025', 'M05', 85.00, '2025-01-14 12:36:25', '2025-01-14 12:36:25'),
(2024, '323241025', 'M06', 79.00, '2025-01-14 12:36:25', '2025-01-14 12:36:25'),
(2024, '323241025', 'M07', 79.00, '2025-01-14 12:36:25', '2025-01-14 12:36:25'),
(2024, '323241025', 'M08', 82.00, '2025-01-14 12:36:25', '2025-01-14 12:36:25'),
(2024, '323241025', 'M09', 60.00, '2025-01-14 12:36:25', '2025-01-14 12:36:25'),
(2024, '323241025', 'M10', 85.00, '2025-01-14 12:36:25', '2025-01-14 12:36:25'),
(2024, '323241026', 'M01', 80.00, '2025-01-14 12:38:09', '2025-01-14 12:38:09'),
(2024, '323241026', 'M02', 79.00, '2025-01-14 12:38:09', '2025-01-14 12:38:09'),
(2024, '323241026', 'M03', 77.00, '2025-01-14 12:38:09', '2025-01-14 12:38:09'),
(2024, '323241026', 'M04', 60.00, '2025-01-14 12:38:09', '2025-01-14 12:38:09'),
(2024, '323241026', 'M05', 60.00, '2025-01-14 12:38:09', '2025-01-14 12:38:09'),
(2024, '323241026', 'M06', 79.00, '2025-01-14 12:38:09', '2025-01-14 12:38:09'),
(2024, '323241026', 'M07', 78.00, '2025-01-14 12:38:09', '2025-01-14 12:38:09'),
(2024, '323241026', 'M08', 81.00, '2025-01-14 12:38:09', '2025-01-14 12:38:09'),
(2024, '323241026', 'M09', 60.00, '2025-01-14 12:38:09', '2025-01-14 12:38:09'),
(2024, '323241026', 'M10', 83.00, '2025-01-14 12:38:09', '2025-01-14 12:38:09'),
(2024, '323241027', 'M01', 82.00, '2025-01-14 12:39:42', '2025-01-14 12:39:42'),
(2024, '323241027', 'M02', 79.00, '2025-01-14 12:39:42', '2025-01-14 12:39:42'),
(2024, '323241027', 'M03', 79.00, '2025-01-14 12:39:42', '2025-01-14 12:39:42'),
(2024, '323241027', 'M04', 60.00, '2025-01-14 12:39:42', '2025-01-14 12:39:42'),
(2024, '323241027', 'M05', 85.00, '2025-01-14 12:39:42', '2025-01-14 12:39:42'),
(2024, '323241027', 'M06', 80.00, '2025-01-14 12:39:42', '2025-01-14 12:39:42'),
(2024, '323241027', 'M07', 83.00, '2025-01-14 12:39:42', '2025-01-14 12:39:42'),
(2024, '323241027', 'M08', 83.00, '2025-01-14 12:39:42', '2025-01-14 12:39:42'),
(2024, '323241027', 'M09', 83.00, '2025-01-14 12:39:42', '2025-01-14 12:39:42'),
(2024, '323241027', 'M10', 83.00, '2025-01-14 12:39:42', '2025-01-14 12:39:42'),
(2024, '323241028', 'M01', 80.00, '2025-01-14 12:41:14', '2025-01-14 12:41:14'),
(2024, '323241028', 'M02', 79.00, '2025-01-14 12:41:14', '2025-01-14 12:41:14'),
(2024, '323241028', 'M03', 82.00, '2025-01-14 12:41:14', '2025-01-14 12:41:14'),
(2024, '323241028', 'M04', 60.00, '2025-01-14 12:41:14', '2025-01-14 12:41:14'),
(2024, '323241028', 'M05', 80.00, '2025-01-14 12:41:14', '2025-01-14 12:41:14'),
(2024, '323241028', 'M06', 82.00, '2025-01-14 12:41:14', '2025-01-14 12:41:14'),
(2024, '323241028', 'M07', 80.00, '2025-01-14 12:41:14', '2025-01-14 12:41:14'),
(2024, '323241028', 'M08', 84.00, '2025-01-14 12:41:14', '2025-01-14 12:41:14'),
(2024, '323241028', 'M09', 60.00, '2025-01-14 12:41:14', '2025-01-14 12:41:14'),
(2024, '323241028', 'M10', 82.00, '2025-01-14 12:41:14', '2025-01-14 12:41:14'),
(2024, '323241029', 'M01', 78.00, '2025-01-14 13:01:53', '2025-01-14 13:01:53'),
(2024, '323241029', 'M02', 79.00, '2025-01-14 13:01:53', '2025-01-14 13:01:53'),
(2024, '323241029', 'M03', 77.00, '2025-01-14 13:01:53', '2025-01-14 13:01:53'),
(2024, '323241029', 'M04', 60.00, '2025-01-14 13:01:53', '2025-01-14 13:01:53'),
(2024, '323241029', 'M05', 85.00, '2025-01-14 13:01:53', '2025-01-14 13:01:53'),
(2024, '323241029', 'M06', 78.00, '2025-01-14 13:01:53', '2025-01-14 13:01:53'),
(2024, '323241029', 'M07', 78.00, '2025-01-14 13:01:53', '2025-01-14 13:01:53'),
(2024, '323241029', 'M08', 76.00, '2025-01-14 13:01:53', '2025-01-14 13:01:53'),
(2024, '323241029', 'M09', 60.00, '2025-01-14 13:01:53', '2025-01-14 13:01:53'),
(2024, '323241029', 'M10', 82.00, '2025-01-14 13:01:53', '2025-01-14 13:01:53'),
(2024, '323241030', 'M01', 82.00, '2025-01-14 12:44:15', '2025-01-14 12:44:15'),
(2024, '323241030', 'M02', 80.00, '2025-01-14 12:44:15', '2025-01-14 12:44:15'),
(2024, '323241030', 'M03', 82.00, '2025-01-14 12:44:15', '2025-01-14 12:44:15'),
(2024, '323241030', 'M04', 82.00, '2025-01-14 12:44:15', '2025-01-14 12:44:15'),
(2024, '323241030', 'M05', 60.00, '2025-01-14 12:44:15', '2025-01-14 12:44:15'),
(2024, '323241030', 'M06', 79.00, '2025-01-14 12:44:15', '2025-01-14 12:44:15'),
(2024, '323241030', 'M07', 80.00, '2025-01-14 12:44:15', '2025-01-14 12:44:15'),
(2024, '323241030', 'M08', 86.00, '2025-01-14 12:44:15', '2025-01-14 12:44:15'),
(2024, '323241030', 'M09', 60.00, '2025-01-14 12:44:15', '2025-01-14 12:44:15'),
(2024, '323241030', 'M10', 85.00, '2025-01-14 12:44:15', '2025-01-14 12:44:15'),
(2024, '323241031', 'M01', 85.00, '2025-01-14 12:45:36', '2025-01-14 12:45:36'),
(2024, '323241031', 'M02', 80.00, '2025-01-14 12:45:36', '2025-01-14 12:45:36'),
(2024, '323241031', 'M03', 84.00, '2025-01-14 12:45:36', '2025-01-14 12:45:36'),
(2024, '323241031', 'M04', 60.00, '2025-01-14 12:45:36', '2025-01-14 12:45:36'),
(2024, '323241031', 'M05', 60.00, '2025-01-14 12:45:36', '2025-01-14 12:45:36'),
(2024, '323241031', 'M06', 84.00, '2025-01-14 12:45:36', '2025-01-14 12:45:36'),
(2024, '323241031', 'M07', 81.00, '2025-01-14 12:45:36', '2025-01-14 12:45:36'),
(2024, '323241031', 'M08', 84.00, '2025-01-14 12:45:36', '2025-01-14 12:45:36'),
(2024, '323241031', 'M09', 60.00, '2025-01-14 12:45:36', '2025-01-14 12:45:36'),
(2024, '323241031', 'M10', 83.00, '2025-01-14 12:45:36', '2025-01-14 12:45:36'),
(2024, '323241032', 'M01', 82.00, '2025-01-14 12:47:09', '2025-01-14 12:47:09'),
(2024, '323241032', 'M02', 79.00, '2025-01-14 12:47:09', '2025-01-14 12:47:09'),
(2024, '323241032', 'M03', 82.00, '2025-01-14 12:47:09', '2025-01-14 12:47:09'),
(2024, '323241032', 'M04', 60.00, '2025-01-14 12:47:09', '2025-01-14 12:47:09'),
(2024, '323241032', 'M05', 82.00, '2025-01-14 12:47:09', '2025-01-14 12:47:09'),
(2024, '323241032', 'M06', 80.00, '2025-01-14 12:47:09', '2025-01-14 12:47:09'),
(2024, '323241032', 'M07', 81.00, '2025-01-14 12:47:09', '2025-01-14 12:47:09'),
(2024, '323241032', 'M08', 83.00, '2025-01-14 12:47:09', '2025-01-14 12:47:09'),
(2024, '323241032', 'M09', 60.00, '2025-01-14 12:47:09', '2025-01-14 12:47:09'),
(2024, '323241032', 'M10', 85.00, '2025-01-14 12:47:09', '2025-01-14 12:47:09'),
(2024, '323241033', 'M01', 84.00, '2025-01-14 12:48:32', '2025-01-14 12:48:32'),
(2024, '323241033', 'M02', 86.00, '2025-01-14 12:48:32', '2025-01-14 12:48:32'),
(2024, '323241033', 'M03', 78.00, '2025-01-14 12:48:32', '2025-01-14 12:48:32'),
(2024, '323241033', 'M04', 85.00, '2025-01-14 12:48:32', '2025-01-14 12:48:32'),
(2024, '323241033', 'M05', 60.00, '2025-01-14 12:48:32', '2025-01-14 12:48:32'),
(2024, '323241033', 'M06', 81.00, '2025-01-14 12:48:32', '2025-01-14 12:48:32'),
(2024, '323241033', 'M07', 79.00, '2025-01-14 12:48:32', '2025-01-14 12:48:32'),
(2024, '323241033', 'M08', 82.00, '2025-01-14 12:48:32', '2025-01-14 12:48:32'),
(2024, '323241033', 'M09', 60.00, '2025-01-14 12:48:32', '2025-01-14 12:48:32'),
(2024, '323241033', 'M10', 85.00, '2025-01-14 12:48:32', '2025-01-14 12:48:32'),
(2024, '323241034', 'M01', 87.00, '2025-01-14 12:49:50', '2025-01-14 12:49:50'),
(2024, '323241034', 'M02', 92.00, '2025-01-14 12:49:50', '2025-01-14 12:49:50'),
(2024, '323241034', 'M03', 90.00, '2025-01-14 12:49:50', '2025-01-14 12:49:50'),
(2024, '323241034', 'M04', 85.00, '2025-01-14 12:49:50', '2025-01-14 12:49:50'),
(2024, '323241034', 'M05', 60.00, '2025-01-14 12:49:50', '2025-01-14 12:49:50'),
(2024, '323241034', 'M06', 81.00, '2025-01-14 12:49:50', '2025-01-14 12:49:50'),
(2024, '323241034', 'M07', 85.00, '2025-01-14 12:49:50', '2025-01-14 12:49:50'),
(2024, '323241034', 'M08', 86.00, '2025-01-14 12:49:50', '2025-01-14 12:49:50'),
(2024, '323241034', 'M09', 60.00, '2025-01-14 12:49:50', '2025-01-14 12:49:50'),
(2024, '323241034', 'M10', 83.00, '2025-01-14 12:49:50', '2025-01-14 12:49:50'),
(2024, '323241036', 'M01', 82.00, '2025-01-14 12:51:38', '2025-01-14 12:51:38'),
(2024, '323241036', 'M02', 88.00, '2025-01-14 12:51:38', '2025-01-14 12:51:38'),
(2024, '323241036', 'M03', 83.00, '2025-01-14 12:51:38', '2025-01-14 12:51:38'),
(2024, '323241036', 'M04', 60.00, '2025-01-14 12:51:38', '2025-01-14 12:51:38'),
(2024, '323241036', 'M05', 60.00, '2025-01-14 12:51:38', '2025-01-14 12:51:38'),
(2024, '323241036', 'M06', 80.00, '2025-01-14 12:51:38', '2025-01-14 12:51:38'),
(2024, '323241036', 'M07', 83.00, '2025-01-14 12:51:38', '2025-01-14 12:51:38'),
(2024, '323241036', 'M08', 83.00, '2025-01-14 12:51:38', '2025-01-14 12:51:38'),
(2024, '323241036', 'M09', 60.00, '2025-01-14 12:51:38', '2025-01-14 12:51:38'),
(2024, '323241036', 'M10', 83.00, '2025-01-14 12:51:38', '2025-01-14 12:51:38'),
(2024, '323241037', 'M01', 79.00, '2025-01-14 12:52:50', '2025-01-14 12:52:50'),
(2024, '323241037', 'M02', 81.00, '2025-01-14 12:52:50', '2025-01-14 12:52:50'),
(2024, '323241037', 'M03', 77.00, '2025-01-14 12:52:50', '2025-01-14 12:52:50'),
(2024, '323241037', 'M04', 60.00, '2025-01-14 12:52:50', '2025-01-14 12:52:50'),
(2024, '323241037', 'M05', 85.00, '2025-01-14 12:52:50', '2025-01-14 12:52:50'),
(2024, '323241037', 'M06', 77.00, '2025-01-14 12:52:50', '2025-01-14 12:52:50'),
(2024, '323241037', 'M07', 79.00, '2025-01-14 12:52:50', '2025-01-14 12:52:50'),
(2024, '323241037', 'M08', 82.00, '2025-01-14 12:52:50', '2025-01-14 12:52:50'),
(2024, '323241037', 'M09', 60.00, '2025-01-14 12:52:50', '2025-01-14 12:52:50'),
(2024, '323241037', 'M10', 83.00, '2025-01-14 12:52:50', '2025-01-14 12:52:50'),
(2024, '323241038', 'M01', 78.00, '2025-01-14 12:54:16', '2025-01-14 12:54:16'),
(2024, '323241038', 'M02', 79.00, '2025-01-14 12:54:16', '2025-01-14 12:54:16'),
(2024, '323241038', 'M03', 76.00, '2025-01-14 12:54:16', '2025-01-14 12:54:16'),
(2024, '323241038', 'M04', 60.00, '2025-01-14 12:54:16', '2025-01-14 12:54:16'),
(2024, '323241038', 'M05', 85.00, '2025-01-14 12:54:16', '2025-01-14 12:54:16'),
(2024, '323241038', 'M06', 77.00, '2025-01-14 12:54:16', '2025-01-14 12:54:16'),
(2024, '323241038', 'M07', 79.00, '2025-01-14 12:54:16', '2025-01-14 12:54:16'),
(2024, '323241038', 'M08', 80.00, '2025-01-14 12:54:16', '2025-01-14 12:54:16'),
(2024, '323241038', 'M09', 82.00, '2025-01-14 12:54:16', '2025-01-14 12:54:16'),
(2024, '323241038', 'M10', 82.00, '2025-01-14 12:54:16', '2025-01-14 12:54:16'),
(2024, '323241039', 'M01', 75.00, '2025-01-14 11:17:37', '2025-01-14 11:17:37'),
(2024, '323241039', 'M02', 75.00, '2025-01-14 11:17:37', '2025-01-14 11:17:37'),
(2024, '323241039', 'M03', 80.00, '2025-01-14 11:17:37', '2025-01-14 11:17:37'),
(2024, '323241039', 'M04', 60.00, '2025-01-14 11:17:37', '2025-01-14 11:17:37'),
(2024, '323241039', 'M05', 60.00, '2025-01-14 11:17:37', '2025-01-14 11:17:37'),
(2024, '323241039', 'M06', 75.00, '2025-01-14 11:17:37', '2025-01-14 11:17:37'),
(2024, '323241039', 'M07', 85.00, '2025-01-14 11:17:37', '2025-01-14 11:17:37'),
(2024, '323241039', 'M08', 84.00, '2025-01-14 11:17:37', '2025-01-14 11:17:37'),
(2024, '323241039', 'M09', 91.00, '2025-01-14 11:17:37', '2025-01-14 11:17:37'),
(2024, '323241039', 'M10', 85.00, '2025-01-14 11:17:37', '2025-01-14 11:17:37'),
(2024, '323241040', 'M01', 84.00, '2025-01-14 11:20:22', '2025-01-14 11:20:22'),
(2024, '323241040', 'M02', 87.00, '2025-01-14 11:20:22', '2025-01-14 11:20:22'),
(2024, '323241040', 'M03', 87.00, '2025-01-14 11:20:22', '2025-01-14 11:20:22'),
(2024, '323241040', 'M04', 60.00, '2025-01-14 11:20:22', '2025-01-14 11:20:22'),
(2024, '323241040', 'M05', 87.00, '2025-01-14 11:20:22', '2025-01-14 11:20:22'),
(2024, '323241040', 'M06', 80.00, '2025-01-14 11:20:22', '2025-01-14 11:20:22'),
(2024, '323241040', 'M07', 80.00, '2025-01-14 11:20:22', '2025-01-14 11:20:22'),
(2024, '323241040', 'M08', 83.00, '2025-01-14 11:20:22', '2025-01-14 11:20:22'),
(2024, '323241040', 'M09', 60.00, '2025-01-14 11:20:22', '2025-01-14 11:20:22'),
(2024, '323241040', 'M10', 85.00, '2025-01-14 11:20:22', '2025-01-14 11:20:22'),
(2024, '323241042', 'M01', 78.00, '2025-01-14 11:23:55', '2025-01-14 11:23:55'),
(2024, '323241042', 'M02', 78.00, '2025-01-14 11:23:55', '2025-01-14 11:23:55'),
(2024, '323241042', 'M03', 79.00, '2025-01-14 11:23:55', '2025-01-14 11:23:55'),
(2024, '323241042', 'M04', 60.00, '2025-01-14 11:23:55', '2025-01-14 11:23:55'),
(2024, '323241042', 'M05', 88.00, '2025-01-14 11:23:55', '2025-01-14 11:23:55'),
(2024, '323241042', 'M06', 80.00, '2025-01-14 11:23:55', '2025-01-14 11:23:55'),
(2024, '323241042', 'M07', 80.00, '2025-01-14 11:23:55', '2025-01-14 11:23:55'),
(2024, '323241042', 'M08', 79.00, '2025-01-14 11:23:55', '2025-01-14 11:23:55'),
(2024, '323241042', 'M09', 60.00, '2025-01-14 11:23:55', '2025-01-14 11:23:55'),
(2024, '323241042', 'M10', 78.00, '2025-01-14 11:23:55', '2025-01-14 11:23:55'),
(2024, '323241043', 'M01', 88.00, '2025-01-14 11:26:21', '2025-01-14 11:26:21'),
(2024, '323241043', 'M02', 93.00, '2025-01-14 11:26:21', '2025-01-14 11:26:21'),
(2024, '323241043', 'M03', 90.00, '2025-01-14 11:26:21', '2025-01-14 11:26:21'),
(2024, '323241043', 'M04', 89.00, '2025-01-14 11:26:21', '2025-01-14 11:26:21'),
(2024, '323241043', 'M05', 60.00, '2025-01-14 11:26:21', '2025-01-14 11:26:21'),
(2024, '323241043', 'M06', 86.00, '2025-01-14 11:26:21', '2025-01-14 11:26:21'),
(2024, '323241043', 'M07', 82.00, '2025-01-14 11:26:21', '2025-01-14 11:26:21'),
(2024, '323241043', 'M08', 86.00, '2025-01-14 11:26:21', '2025-01-14 11:26:21'),
(2024, '323241043', 'M09', 60.00, '2025-01-14 11:26:21', '2025-01-14 11:26:21'),
(2024, '323241043', 'M10', 85.00, '2025-01-14 11:26:21', '2025-01-14 11:26:21'),
(2024, '323241044', 'M01', 80.00, '2025-01-14 11:30:00', '2025-01-14 11:30:00'),
(2024, '323241044', 'M02', 86.00, '2025-01-14 11:30:00', '2025-01-14 11:30:00'),
(2024, '323241044', 'M03', 80.00, '2025-01-14 11:30:00', '2025-01-14 11:30:00'),
(2024, '323241044', 'M04', 60.00, '2025-01-14 11:30:00', '2025-01-14 11:30:00'),
(2024, '323241044', 'M05', 87.00, '2025-01-14 11:30:00', '2025-01-14 11:30:00'),
(2024, '323241044', 'M06', 81.00, '2025-01-14 11:30:00', '2025-01-14 11:30:00'),
(2024, '323241044', 'M07', 80.00, '2025-01-14 11:30:00', '2025-01-14 11:30:00'),
(2024, '323241044', 'M08', 81.00, '2025-01-14 11:30:00', '2025-01-14 11:30:00'),
(2024, '323241044', 'M09', 60.00, '2025-01-14 11:30:00', '2025-01-14 11:30:00'),
(2024, '323241044', 'M10', 85.00, '2025-01-14 11:30:00', '2025-01-14 11:30:00'),
(2024, '323241045', 'M01', 83.00, '2025-01-14 11:42:24', '2025-01-14 11:42:24'),
(2024, '323241045', 'M02', 87.00, '2025-01-14 11:42:24', '2025-01-14 11:42:24'),
(2024, '323241045', 'M03', 82.00, '2025-01-14 11:42:24', '2025-01-14 11:42:24'),
(2024, '323241045', 'M04', 60.00, '2025-01-14 11:42:24', '2025-01-14 11:42:24'),
(2024, '323241045', 'M05', 90.00, '2025-01-14 11:42:24', '2025-01-14 11:42:24'),
(2024, '323241045', 'M06', 83.00, '2025-01-14 11:42:24', '2025-01-14 11:42:24'),
(2024, '323241045', 'M07', 83.00, '2025-01-14 11:42:24', '2025-01-14 11:42:24'),
(2024, '323241045', 'M08', 86.00, '2025-01-14 11:42:24', '2025-01-14 11:42:24'),
(2024, '323241045', 'M09', 60.00, '2025-01-14 11:42:24', '2025-01-14 11:42:24'),
(2024, '323241045', 'M10', 85.00, '2025-01-14 11:42:24', '2025-01-14 11:42:24'),
(2024, '323241047', 'M01', 80.00, '2025-01-14 11:50:01', '2025-01-14 11:50:01'),
(2024, '323241047', 'M02', 81.00, '2025-01-14 11:50:01', '2025-01-14 11:50:01'),
(2024, '323241047', 'M03', 79.00, '2025-01-14 11:50:01', '2025-01-14 11:50:01'),
(2024, '323241047', 'M04', 60.00, '2025-01-14 11:50:01', '2025-01-14 11:50:01'),
(2024, '323241047', 'M05', 60.00, '2025-01-14 11:50:01', '2025-01-14 11:50:01'),
(2024, '323241047', 'M06', 81.00, '2025-01-14 11:50:01', '2025-01-14 11:50:01'),
(2024, '323241047', 'M07', 81.00, '2025-01-14 11:50:01', '2025-01-14 11:50:01'),
(2024, '323241047', 'M08', 84.00, '2025-01-14 11:50:01', '2025-01-14 11:50:01'),
(2024, '323241047', 'M09', 60.00, '2025-01-14 11:50:01', '2025-01-14 11:50:01'),
(2024, '323241047', 'M10', 88.00, '2025-01-14 11:50:01', '2025-01-14 11:50:01'),
(2024, '323241049', 'M01', 82.00, '2025-01-14 13:07:31', '2025-01-14 13:07:31'),
(2024, '323241049', 'M02', 80.00, '2025-01-14 13:07:31', '2025-01-14 13:07:31'),
(2024, '323241049', 'M03', 84.00, '2025-01-14 13:07:31', '2025-01-14 13:07:31'),
(2024, '323241049', 'M04', 60.00, '2025-01-14 13:07:31', '2025-01-14 13:07:31'),
(2024, '323241049', 'M05', 88.00, '2025-01-14 13:07:31', '2025-01-14 13:07:31'),
(2024, '323241049', 'M06', 82.00, '2025-01-14 13:07:31', '2025-01-14 13:07:31'),
(2024, '323241049', 'M07', 82.00, '2025-01-14 13:07:31', '2025-01-14 13:07:31'),
(2024, '323241049', 'M08', 84.00, '2025-01-14 13:07:31', '2025-01-14 13:07:31'),
(2024, '323241049', 'M09', 60.00, '2025-01-14 13:07:31', '2025-01-14 13:07:31'),
(2024, '323241049', 'M10', 80.00, '2025-01-14 13:07:31', '2025-01-14 13:07:31'),
(2024, '323241050', 'M01', 80.00, '2025-01-14 11:54:01', '2025-01-14 11:54:01'),
(2024, '323241050', 'M02', 79.00, '2025-01-14 11:54:01', '2025-01-14 11:54:01'),
(2024, '323241050', 'M03', 78.00, '2025-01-14 11:54:01', '2025-01-14 11:54:01'),
(2024, '323241050', 'M04', 60.00, '2025-01-14 11:54:01', '2025-01-14 11:54:01'),
(2024, '323241050', 'M05', 60.00, '2025-01-14 11:54:01', '2025-01-14 11:54:01'),
(2024, '323241050', 'M06', 79.00, '2025-01-14 11:54:01', '2025-01-14 11:54:01'),
(2024, '323241050', 'M07', 80.00, '2025-01-14 11:54:01', '2025-01-14 11:54:01'),
(2024, '323241050', 'M08', 85.00, '2025-01-14 11:54:01', '2025-01-14 11:54:01'),
(2024, '323241050', 'M09', 60.00, '2025-01-14 11:54:01', '2025-01-14 11:54:01'),
(2024, '323241050', 'M10', 91.00, '2025-01-14 11:54:01', '2025-01-14 11:54:01'),
(2024, '323241051', 'M01', 83.00, '2025-01-14 12:04:45', '2025-01-14 12:04:45'),
(2024, '323241051', 'M02', 81.00, '2025-01-14 12:04:45', '2025-01-14 12:04:45'),
(2024, '323241051', 'M03', 79.00, '2025-01-14 12:04:45', '2025-01-14 12:04:45'),
(2024, '323241051', 'M04', 60.00, '2025-01-14 12:04:45', '2025-01-14 12:04:45'),
(2024, '323241051', 'M05', 60.00, '2025-01-14 12:04:45', '2025-01-14 12:04:45'),
(2024, '323241051', 'M06', 80.00, '2025-01-14 12:04:45', '2025-01-14 12:04:45'),
(2024, '323241051', 'M07', 80.00, '2025-01-14 12:04:45', '2025-01-14 12:04:45'),
(2024, '323241051', 'M08', 84.00, '2025-01-14 12:04:45', '2025-01-14 12:04:45'),
(2024, '323241051', 'M09', 85.00, '2025-01-14 12:04:45', '2025-01-14 12:04:45'),
(2024, '323241051', 'M10', 85.00, '2025-01-14 12:04:45', '2025-01-14 12:04:45'),
(2024, '323241052', 'M01', 78.00, '2025-01-14 13:09:12', '2025-01-14 13:09:12'),
(2024, '323241052', 'M02', 80.00, '2025-01-14 13:09:12', '2025-01-14 13:09:12'),
(2024, '323241052', 'M03', 75.00, '2025-01-14 13:09:12', '2025-01-14 13:09:12'),
(2024, '323241052', 'M04', 60.00, '2025-01-14 13:09:12', '2025-01-14 13:09:12'),
(2024, '323241052', 'M05', 86.00, '2025-01-14 13:09:12', '2025-01-14 13:09:12'),
(2024, '323241052', 'M06', 79.00, '2025-01-14 13:09:12', '2025-01-14 13:09:12'),
(2024, '323241052', 'M07', 80.00, '2025-01-14 13:09:12', '2025-01-14 13:09:12'),
(2024, '323241052', 'M08', 82.00, '2025-01-14 13:09:12', '2025-01-14 13:09:12'),
(2024, '323241052', 'M09', 60.00, '2025-01-14 13:09:12', '2025-01-14 13:09:12'),
(2024, '323241052', 'M10', 80.00, '2025-01-14 13:09:12', '2025-01-14 13:09:12'),
(2024, '323241053', 'M01', 80.00, '2025-01-14 12:20:23', '2025-01-14 12:20:23'),
(2024, '323241053', 'M02', 86.00, '2025-01-14 12:20:23', '2025-01-14 12:20:23'),
(2024, '323241053', 'M03', 81.00, '2025-01-14 12:20:23', '2025-01-14 12:20:23'),
(2024, '323241053', 'M04', 60.00, '2025-01-14 12:20:23', '2025-01-14 12:20:23'),
(2024, '323241053', 'M05', 60.00, '2025-01-14 12:20:23', '2025-01-14 12:20:23'),
(2024, '323241053', 'M06', 81.00, '2025-01-14 12:20:23', '2025-01-14 12:20:23'),
(2024, '323241053', 'M07', 80.00, '2025-01-14 12:20:23', '2025-01-14 12:20:23'),
(2024, '323241053', 'M08', 81.00, '2025-01-14 12:20:23', '2025-01-14 12:20:23'),
(2024, '323241053', 'M09', 60.00, '2025-01-14 12:20:23', '2025-01-14 12:20:23'),
(2024, '323241053', 'M10', 83.00, '2025-01-14 12:20:23', '2025-01-14 12:20:23'),
(2024, '323241054', 'M01', 88.00, '2025-01-14 12:21:56', '2025-01-14 12:21:56'),
(2024, '323241054', 'M02', 93.00, '2025-01-14 12:21:56', '2025-01-14 12:21:56'),
(2024, '323241054', 'M03', 91.00, '2025-01-14 12:21:56', '2025-01-14 12:21:56'),
(2024, '323241054', 'M04', 85.00, '2025-01-14 12:21:56', '2025-01-14 12:21:56'),
(2024, '323241054', 'M05', 60.00, '2025-01-14 12:21:56', '2025-01-14 12:21:56'),
(2024, '323241054', 'M06', 85.00, '2025-01-14 12:21:56', '2025-01-14 12:21:56'),
(2024, '323241054', 'M07', 83.00, '2025-01-14 12:21:56', '2025-01-14 12:21:56'),
(2024, '323241054', 'M08', 89.00, '2025-01-14 12:21:56', '2025-01-14 12:21:56'),
(2024, '323241054', 'M09', 60.00, '2025-01-14 12:21:56', '2025-01-14 12:21:56'),
(2024, '323241054', 'M10', 85.00, '2025-01-14 12:21:56', '2025-01-14 12:21:56'),
(2024, '323241157', 'M01', 78.00, '2025-01-14 11:44:10', '2025-01-14 11:44:10'),
(2024, '323241157', 'M02', 78.00, '2025-01-14 11:44:10', '2025-01-14 11:44:10'),
(2024, '323241157', 'M03', 77.00, '2025-01-14 11:44:10', '2025-01-14 11:44:10'),
(2024, '323241157', 'M04', 60.00, '2025-01-14 11:44:10', '2025-01-14 11:44:10'),
(2024, '323241157', 'M05', 60.00, '2025-01-14 11:44:10', '2025-01-14 11:44:10'),
(2024, '323241157', 'M06', 80.00, '2025-01-14 11:44:10', '2025-01-14 11:44:10'),
(2024, '323241157', 'M07', 80.00, '2025-01-14 11:44:10', '2025-01-14 11:44:10'),
(2024, '323241157', 'M08', 82.00, '2025-01-14 11:44:10', '2025-01-14 11:44:10'),
(2024, '323241157', 'M09', 60.00, '2025-01-14 11:44:10', '2025-01-14 11:44:10'),
(2024, '323241157', 'M10', 85.00, '2025-01-14 11:44:10', '2025-01-14 11:44:10'),
(2024, '323241161', 'M01', 82.00, '2025-01-14 12:14:20', '2025-01-14 12:14:20'),
(2024, '323241161', 'M02', 86.00, '2025-01-14 12:14:20', '2025-01-14 12:14:20'),
(2024, '323241161', 'M03', 80.00, '2025-01-14 12:14:20', '2025-01-14 12:14:20'),
(2024, '323241161', 'M04', 60.00, '2025-01-14 12:14:20', '2025-01-14 12:14:20'),
(2024, '323241161', 'M05', 60.00, '2025-01-14 12:14:20', '2025-01-14 12:14:20'),
(2024, '323241161', 'M06', 80.00, '2025-01-14 12:14:20', '2025-01-14 12:14:20'),
(2024, '323241161', 'M07', 82.00, '2025-01-14 12:14:20', '2025-01-14 12:14:20'),
(2024, '323241161', 'M08', 83.00, '2025-01-14 12:14:20', '2025-01-14 12:14:20'),
(2024, '323241161', 'M09', 90.00, '2025-01-14 12:14:20', '2025-01-14 12:14:20'),
(2024, '323241161', 'M10', 85.00, '2025-01-14 12:14:20', '2025-01-14 12:14:20'),
(2024, '32324146', 'M01', 78.00, '2025-01-14 11:47:31', '2025-01-14 11:47:31'),
(2024, '32324146', 'M02', 78.00, '2025-01-14 11:47:31', '2025-01-14 11:47:31'),
(2024, '32324146', 'M03', 77.00, '2025-01-14 11:47:31', '2025-01-14 11:47:31'),
(2024, '32324146', 'M04', 60.00, '2025-01-14 11:47:31', '2025-01-14 11:47:31'),
(2024, '32324146', 'M05', 60.00, '2025-01-14 11:47:31', '2025-01-14 11:47:31'),
(2024, '32324146', 'M06', 81.00, '2025-01-14 11:47:31', '2025-01-14 11:47:31'),
(2024, '32324146', 'M07', 81.00, '2025-01-14 11:47:31', '2025-01-14 11:47:31'),
(2024, '32324146', 'M08', 83.00, '2025-01-14 11:47:31', '2025-01-14 11:47:31'),
(2024, '32324146', 'M09', 96.00, '2025-01-14 11:47:31', '2025-01-14 11:47:31'),
(2024, '32324146', 'M10', 85.00, '2025-01-14 11:47:31', '2025-01-14 11:47:31');

-- --------------------------------------------------------

--
-- Table structure for table `jurusan`
--

CREATE TABLE `jurusan` (
  `kd_jurusan` varchar(10) COLLATE utf8mb4_unicode_ci NOT NULL,
  `nama_jurusan` varchar(25) COLLATE utf8mb4_unicode_ci NOT NULL,
  `created_at` timestamp NULL DEFAULT NULL,
  `updated_at` timestamp NULL DEFAULT NULL
) ENGINE=InnoDB DEFAULT CHARSET=utf8mb4 COLLATE=utf8mb4_unicode_ci;

--
-- Dumping data for table `jurusan`
--

INSERT INTO `jurusan` (`kd_jurusan`, `nama_jurusan`, `created_at`, `updated_at`) VALUES
('J000000001', 'IPS', '2024-12-04 08:13:40', '2024-12-20 18:32:35'),
('J01', 'IPA', '2024-09-04 10:26:34', '2025-01-09 08:45:21');

-- --------------------------------------------------------

--
-- Table structure for table `matapelajaran`
--

CREATE TABLE `matapelajaran` (
  `kd_matapelajaran` varchar(10) COLLATE utf8mb4_unicode_ci NOT NULL,
  `nama_matapelajaran` varchar(25) COLLATE utf8mb4_unicode_ci NOT NULL,
  `created_at` timestamp NULL DEFAULT NULL,
  `updated_at` timestamp NULL DEFAULT NULL
) ENGINE=InnoDB DEFAULT CHARSET=utf8mb4 COLLATE=utf8mb4_unicode_ci;

--
-- Dumping data for table `matapelajaran`
--

INSERT INTO `matapelajaran` (`kd_matapelajaran`, `nama_matapelajaran`, `created_at`, `updated_at`) VALUES
('M01', 'Biologi', '2025-01-09 18:12:30', '2025-01-09 18:12:30'),
('M02', 'Fisika', '2025-01-09 18:12:44', '2025-01-09 18:12:44'),
('M03', 'Kimia', '2025-01-09 18:13:02', '2025-01-09 18:13:02'),
('M04', 'MIPA Club', '2025-01-09 18:14:53', '2025-01-09 18:14:53'),
('M05', 'SMA Penggiat Alam Yadika ', '2025-01-09 18:16:06', '2025-01-09 19:20:11'),
('M06', 'Ekonomi', '2025-01-09 18:19:36', '2025-01-09 18:19:36'),
('M07', 'Sejarah', '2025-01-09 18:19:53', '2025-01-09 18:19:53'),
('M08', 'Sosiologi', '2025-01-09 18:21:04', '2025-01-09 18:21:04'),
('M09', 'Jurnalistik', '2025-01-09 18:21:23', '2025-01-09 18:21:23'),
('M10', 'Pramuka', '2025-01-09 18:21:44', '2025-01-09 18:21:44');

-- --------------------------------------------------------

--
-- Table structure for table `migrations`
--

CREATE TABLE `migrations` (
  `id` int UNSIGNED NOT NULL,
  `migration` varchar(255) COLLATE utf8mb4_unicode_ci NOT NULL,
  `batch` int NOT NULL
) ENGINE=InnoDB DEFAULT CHARSET=utf8mb4 COLLATE=utf8mb4_unicode_ci;

--
-- Dumping data for table `migrations`
--

INSERT INTO `migrations` (`id`, `migration`, `batch`) VALUES
(1, '2024_08_27_010029_create_jurusan', 1),
(2, '2024_08_27_010240_create_siswa', 1),
(3, '2024_08_27_010751_create_matapelajaran', 1),
(4, '2024_08_27_011034_create_bobot', 1),
(5, '2024_08_27_014435_create_nilai_header', 1),
(6, '2024_08_27_015430_create_detail_nilai', 1),
(7, '2025_01_09_001001_create_mst_user', 2);

-- --------------------------------------------------------

--
-- Table structure for table `mstuser`
--

CREATE TABLE `mstuser` (
  `userid` bigint NOT NULL,
  `username` varchar(25) COLLATE utf8mb4_unicode_ci NOT NULL,
  `password` varchar(50) COLLATE utf8mb4_unicode_ci NOT NULL,
  `fullname` varchar(100) COLLATE utf8mb4_unicode_ci NOT NULL,
  `flag_active` tinyint(1) NOT NULL,
  `created_at` timestamp NULL DEFAULT NULL,
  `updated_at` timestamp NULL DEFAULT NULL
) ENGINE=InnoDB DEFAULT CHARSET=utf8mb4 COLLATE=utf8mb4_unicode_ci;

--
-- Dumping data for table `mstuser`
--

INSERT INTO `mstuser` (`userid`, `username`, `password`, `fullname`, `flag_active`, `created_at`, `updated_at`) VALUES
(0, '[value-2]', '[value-3]', '[value-4]', 0, '0000-00-00 00:00:00', '0000-00-00 00:00:00'),
(2, 'admin', '21232f297a57a5a743894a0e4a801fc3', 'novelia ramadhani', 1, NULL, NULL);

-- --------------------------------------------------------

--
-- Table structure for table `nilai_header`
--

CREATE TABLE `nilai_header` (
  `tahun` int NOT NULL,
  `nisn` varchar(20) COLLATE utf8mb4_unicode_ci NOT NULL,
  `nilai_rata-rata` double(8,2) NOT NULL,
  `created_at` timestamp NULL DEFAULT NULL,
  `updated_at` timestamp NULL DEFAULT NULL
) ENGINE=InnoDB DEFAULT CHARSET=utf8mb4 COLLATE=utf8mb4_unicode_ci;

--
-- Dumping data for table `nilai_header`
--

INSERT INTO `nilai_header` (`tahun`, `nisn`, `nilai_rata-rata`, `created_at`, `updated_at`) VALUES
(2024, '323241001', 80.50, '2025-01-09 19:23:56', '2025-01-11 00:53:23'),
(2024, '323241003', 75.80, '2025-01-10 12:36:39', '2025-01-11 00:49:20'),
(2024, '323241005', 76.60, '2025-01-10 12:40:17', '2025-01-14 13:03:03'),
(2024, '323241006', 90.00, '2025-01-14 09:26:59', '2025-01-14 09:26:59'),
(2024, '323241007', 77.20, '2025-01-14 11:34:06', '2025-01-14 13:05:43'),
(2024, '323241008', 71.80, '2025-01-14 11:36:43', '2025-01-14 11:36:43'),
(2024, '323241009', 79.90, '2025-01-14 11:39:31', '2025-01-14 11:39:31'),
(2024, '323241010', 77.80, '2025-01-14 11:56:29', '2025-01-14 12:58:23'),
(2024, '323241012', 80.50, '2025-01-14 11:58:09', '2025-01-14 11:58:09'),
(2024, '323241013', 79.40, '2025-01-14 12:01:42', '2025-01-14 12:01:42'),
(2024, '323241014', 78.30, '2025-01-14 12:10:16', '2025-01-14 12:56:10'),
(2024, '323241015', 76.80, '2025-01-14 12:15:47', '2025-01-14 12:57:07'),
(2024, '323241016', 71.20, '2025-01-14 12:17:15', '2025-01-14 12:17:15'),
(2024, '323241017', 76.80, '2025-01-14 12:18:42', '2025-01-14 12:18:42'),
(2024, '323241018', 78.60, '2025-01-14 12:24:07', '2025-01-14 12:24:07'),
(2024, '323241019', 76.80, '2025-01-14 12:25:51', '2025-01-14 13:11:10'),
(2024, '323241020', 80.60, '2025-01-14 12:27:29', '2025-01-14 12:27:29'),
(2024, '323241021', 78.90, '2025-01-14 12:29:08', '2025-01-14 12:29:08'),
(2024, '323241022', 77.60, '2025-01-14 12:30:43', '2025-01-14 13:00:06'),
(2024, '323241023', 77.90, '2025-01-14 12:33:09', '2025-01-14 12:33:09'),
(2024, '323241024', 78.70, '2025-01-14 12:34:54', '2025-01-14 13:00:45'),
(2024, '323241025', 77.40, '2025-01-14 12:36:25', '2025-01-14 12:36:25'),
(2024, '323241026', 73.70, '2025-01-14 12:38:09', '2025-01-14 12:38:09'),
(2024, '323241027', 79.70, '2025-01-14 12:39:42', '2025-01-14 12:39:42'),
(2024, '323241028', 76.90, '2025-01-14 12:41:14', '2025-01-14 12:41:14'),
(2024, '323241029', 75.30, '2025-01-14 12:42:38', '2025-01-14 13:01:53'),
(2024, '323241030', 77.60, '2025-01-14 12:44:15', '2025-01-14 12:44:15'),
(2024, '323241031', 76.10, '2025-01-14 12:45:36', '2025-01-14 12:45:36'),
(2024, '323241032', 77.40, '2025-01-14 12:47:09', '2025-01-14 12:47:09'),
(2024, '323241033', 78.00, '2025-01-14 12:48:32', '2025-01-14 12:48:32'),
(2024, '323241034', 80.90, '2025-01-14 12:49:50', '2025-01-14 12:49:50'),
(2024, '323241036', 76.20, '2025-01-14 12:51:38', '2025-01-14 12:51:38'),
(2024, '323241037', 76.30, '2025-01-14 12:52:50', '2025-01-14 12:52:51'),
(2024, '323241038', 77.80, '2025-01-14 12:54:16', '2025-01-14 12:54:16'),
(2024, '323241039', 77.00, '2025-01-14 11:17:37', '2025-01-14 11:17:37'),
(2024, '323241040', 79.30, '2025-01-14 11:20:22', '2025-01-14 11:20:22'),
(2024, '323241042', 76.00, '2025-01-14 11:23:55', '2025-01-14 11:23:55'),
(2024, '323241043', 81.90, '2025-01-14 11:26:21', '2025-01-14 11:26:21'),
(2024, '323241044', 78.00, '2025-01-14 11:30:00', '2025-01-14 11:30:00'),
(2024, '323241045', 79.90, '2025-01-14 11:42:24', '2025-01-14 11:42:24'),
(2024, '323241047', 75.40, '2025-01-14 11:50:01', '2025-01-14 11:50:01'),
(2024, '323241049', 78.20, '2025-01-14 11:52:00', '2025-01-14 13:07:31'),
(2024, '323241050', 75.20, '2025-01-14 11:54:01', '2025-01-14 11:54:01'),
(2024, '323241051', 77.70, '2025-01-14 12:04:45', '2025-01-14 12:04:45'),
(2024, '323241052', 76.00, '2025-01-14 12:07:04', '2025-01-14 13:09:12'),
(2024, '323241053', 75.20, '2025-01-14 12:20:23', '2025-01-14 12:20:24'),
(2024, '323241054', 81.90, '2025-01-14 12:21:56', '2025-01-14 12:21:56'),
(2024, '323241157', 74.00, '2025-01-14 11:44:10', '2025-01-14 11:44:10'),
(2024, '323241161', 78.80, '2025-01-14 12:14:20', '2025-01-14 12:14:20'),
(2024, '32324146', 77.90, '2025-01-14 11:47:31', '2025-01-14 11:47:31');

-- --------------------------------------------------------

--
-- Table structure for table `siswa`
--

CREATE TABLE `siswa` (
  `nisn` varchar(20) COLLATE utf8mb4_unicode_ci NOT NULL,
  `nama_siswa` varchar(100) COLLATE utf8mb4_unicode_ci NOT NULL,
  `jenis_kelamin` tinyint(1) NOT NULL,
  `created_at` timestamp NULL DEFAULT NULL,
  `updated_at` timestamp NULL DEFAULT NULL
) ENGINE=InnoDB DEFAULT CHARSET=utf8mb4 COLLATE=utf8mb4_unicode_ci;

--
-- Dumping data for table `siswa`
--

INSERT INTO `siswa` (`nisn`, `nama_siswa`, `jenis_kelamin`, `created_at`, `updated_at`) VALUES
('323241001', 'Aditya Putra', 0, '2025-01-09 18:30:22', '2025-01-09 18:30:22'),
('323241003', 'Aisyah Nada Khairiyah', 1, '2025-01-09 18:30:59', '2025-01-09 18:30:59'),
('323241005', 'Angel Marsaulina Sihombang', 1, '2025-01-09 18:31:47', '2025-01-09 18:31:47'),
('323241006', 'Anju Primadido', 0, '2025-01-09 18:32:30', '2025-01-09 18:32:30'),
('323241007', 'Aurora Bilqis', 1, '2025-01-09 18:32:59', '2025-01-09 18:32:59'),
('323241008', 'Bryan Mahadipa Mondoringin', 0, '2025-01-09 18:33:39', '2025-01-09 18:33:39'),
('323241009', 'Cut Belvanya A. T', 1, '2025-01-09 18:34:13', '2025-01-09 18:34:13'),
('323241010', 'Devi Indah Permata', 1, '2025-01-09 18:34:43', '2025-01-09 18:34:43'),
('323241012', 'Firlly Rizky Rafhaela', 1, '2025-01-09 18:35:30', '2025-01-09 18:35:30'),
('323241013', 'Fitri Kartika Sari', 1, '2025-01-09 18:36:00', '2025-01-09 18:36:00'),
('323241014', 'Hanalayli Fadiya', 1, '2025-01-09 18:36:32', '2025-01-09 18:36:32'),
('323241015', 'Indra Putra Rizky', 0, '2025-01-09 18:37:36', '2025-01-09 18:37:36'),
('323241016', 'Jan Daniel Lashkari', 0, '2025-01-09 18:39:03', '2025-01-09 18:39:03'),
('323241017', 'Janika Zelda Pramudya', 0, '2025-01-09 18:39:49', '2025-01-09 18:39:49'),
('323241018', 'Kaila Rachman', 1, '2025-01-09 18:40:13', '2025-01-09 18:40:13'),
('323241019', 'Keissya Aulia Zahrah', 1, '2025-01-09 18:40:52', '2025-01-09 18:40:52'),
('323241020', 'Khaylila Putri A.F', 1, '2025-01-09 18:41:27', '2025-01-09 18:41:27'),
('323241021', 'Laurazia Hana', 1, '2025-01-09 18:41:47', '2025-01-09 18:41:47'),
('323241022', 'Muhammad Farrel Adilla', 0, '2025-01-09 18:42:30', '2025-01-09 18:42:30'),
('323241023', 'Muhammad Noufal Finowinata', 0, '2025-01-09 18:43:02', '2025-01-09 18:43:02'),
('323241024', 'Muhammad Rasya Oktavian', 0, '2025-01-09 18:43:28', '2025-01-09 18:43:28'),
('323241025', 'Nabilla Ramadhnai', 1, '2025-01-09 18:43:51', '2025-01-09 18:43:51'),
('323241026', 'Nazaria Prasasti', 1, '2025-01-09 18:44:19', '2025-01-09 18:44:19'),
('323241027', 'Putri Ramadhani', 1, '2025-01-09 18:44:44', '2025-01-09 18:44:44'),
('323241028', 'Radittya Effendy', 0, '2025-01-09 18:45:10', '2025-01-09 18:45:10'),
('323241029', 'Rangga Maulana', 0, '2025-01-09 18:45:33', '2025-01-09 18:45:33'),
('323241030', 'Rasendrya Ashindra K', 0, '2025-01-09 18:46:12', '2025-01-09 18:46:12'),
('323241031', 'Riefka Tariza', 1, '2025-01-09 18:46:36', '2025-01-09 18:46:36'),
('323241032', 'Rifa Azzahra Syita', 1, '2025-01-09 18:47:06', '2025-01-09 18:47:06'),
('323241033', 'Septiana Dwi S', 1, '2025-01-14 11:00:36', '2025-01-14 11:00:36'),
('323241034', 'Syifa Kirania Isnaini', 1, '2025-01-14 11:01:08', '2025-01-14 11:01:08'),
('323241036', 'Tsamara Hanin Jauhar', 1, '2025-01-14 11:01:40', '2025-01-14 11:01:40'),
('323241037', 'Wahyu Diana Alfatih', 0, '2025-01-14 11:02:22', '2025-01-14 11:02:22'),
('323241038', 'Zidane Alfian', 0, '2025-01-14 11:03:09', '2025-01-14 11:03:09'),
('323241039', 'Agniyatuz Zahra Pratiwi', 1, '2025-01-14 11:04:10', '2025-01-14 11:04:10'),
('323241040', 'Aisyah Afdillah Ratno', 1, '2025-01-14 11:05:14', '2025-01-14 11:05:14'),
('323241042', 'Ananda Diska Ramadhan', 0, '2025-01-14 11:05:47', '2025-01-14 11:05:47'),
('323241043', 'Andy Sugiarto Sadikin', 0, '2025-01-14 11:06:15', '2025-01-14 11:06:15'),
('323241044', 'Aurel Rizqika Zahra', 1, '2025-01-14 11:06:44', '2025-01-14 11:06:44'),
('323241045', 'Damita Deane Winona', 1, '2025-01-14 11:07:16', '2025-01-14 11:07:16'),
('323241047', 'Elly Puspita Sari Putri', 1, '2025-01-14 11:10:18', '2025-01-14 11:10:18'),
('323241049', 'Fairuz Nabil Wiansyah', 0, '2025-01-14 11:11:03', '2025-01-14 11:11:03'),
('323241050', 'Ferris Navisya Salsabilla', 1, '2025-01-14 11:11:45', '2025-01-14 11:11:45'),
('323241051', 'Ghina Nur Fadhilah', 1, '2025-01-14 11:12:17', '2025-01-14 11:12:17'),
('323241052', 'Ghiyas Arsya', 0, '2025-01-14 11:13:06', '2025-01-14 11:13:06'),
('323241053', 'Hanan Nurul', 1, '2025-01-14 11:13:32', '2025-01-14 11:13:32'),
('323241054', 'Herwandya Cahya', 0, '2025-01-14 11:14:05', '2025-01-14 11:14:05'),
('323241157', 'Davina Renata', 1, '2025-01-14 11:09:21', '2025-01-14 11:09:21'),
('323241161', 'Hanifah Al Humaira', 1, '2025-01-09 18:37:07', '2025-01-09 18:37:07'),
('32324146', 'Defina Ardasari', 1, '2025-01-14 11:09:49', '2025-01-14 11:09:49');

--
-- Indexes for dumped tables
--

--
-- Indexes for table `bobot`
--
ALTER TABLE `bobot`
  ADD PRIMARY KEY (`kd_jurusan`,`kd_matapelajaran`),
  ADD KEY `bobot_kd_matapelajaran_foreign` (`kd_matapelajaran`);

--
-- Indexes for table `detail_nilai`
--
ALTER TABLE `detail_nilai`
  ADD PRIMARY KEY (`tahun`,`nisn`,`kd_matapelajaran`),
  ADD KEY `detail_nilai_kd_matapelajaran_foreign` (`kd_matapelajaran`);

--
-- Indexes for table `jurusan`
--
ALTER TABLE `jurusan`
  ADD PRIMARY KEY (`kd_jurusan`);

--
-- Indexes for table `matapelajaran`
--
ALTER TABLE `matapelajaran`
  ADD PRIMARY KEY (`kd_matapelajaran`);

--
-- Indexes for table `migrations`
--
ALTER TABLE `migrations`
  ADD PRIMARY KEY (`id`);

--
-- Indexes for table `mstuser`
--
ALTER TABLE `mstuser`
  ADD PRIMARY KEY (`userid`);

--
-- Indexes for table `nilai_header`
--
ALTER TABLE `nilai_header`
  ADD PRIMARY KEY (`tahun`,`nisn`),
  ADD KEY `nilai_header_nisn_foreign` (`nisn`);

--
-- Indexes for table `siswa`
--
ALTER TABLE `siswa`
  ADD PRIMARY KEY (`nisn`);

--
-- AUTO_INCREMENT for dumped tables
--

--
-- AUTO_INCREMENT for table `migrations`
--
ALTER TABLE `migrations`
  MODIFY `id` int UNSIGNED NOT NULL AUTO_INCREMENT, AUTO_INCREMENT=8;

--
-- AUTO_INCREMENT for table `mstuser`
--
ALTER TABLE `mstuser`
  MODIFY `userid` bigint NOT NULL AUTO_INCREMENT, AUTO_INCREMENT=3;

--
-- Constraints for dumped tables
--

--
-- Constraints for table `bobot`
--
ALTER TABLE `bobot`
  ADD CONSTRAINT `bobot_kd_jurusan_foreign` FOREIGN KEY (`kd_jurusan`) REFERENCES `jurusan` (`kd_jurusan`),
  ADD CONSTRAINT `bobot_kd_matapelajaran_foreign` FOREIGN KEY (`kd_matapelajaran`) REFERENCES `matapelajaran` (`kd_matapelajaran`);

--
-- Constraints for table `detail_nilai`
--
ALTER TABLE `detail_nilai`
  ADD CONSTRAINT `detail_nilai_kd_matapelajaran_foreign` FOREIGN KEY (`kd_matapelajaran`) REFERENCES `matapelajaran` (`kd_matapelajaran`),
  ADD CONSTRAINT `detail_nilai_tahun_nisn_foreign` FOREIGN KEY (`tahun`,`nisn`) REFERENCES `nilai_header` (`tahun`, `nisn`);

--
-- Constraints for table `nilai_header`
--
ALTER TABLE `nilai_header`
  ADD CONSTRAINT `nilai_header_nisn_foreign` FOREIGN KEY (`nisn`) REFERENCES `siswa` (`nisn`);
COMMIT;

/*!40101 SET CHARACTER_SET_CLIENT=@OLD_CHARACTER_SET_CLIENT */;
/*!40101 SET CHARACTER_SET_RESULTS=@OLD_CHARACTER_SET_RESULTS */;
/*!40101 SET COLLATION_CONNECTION=@OLD_COLLATION_CONNECTION */;
